,num_circles,experiment_number,LH,mae_all,rms_all,std_all,mae_experiment,rms_experiment,std_experiment,estimated_ecc,circle_0_index,circle_0_ecc,circle_1_index,circle_1_ecc
0,2,1,LHA,38.08097806328934,44.94636839072163,23.874989869269815,42.87033013412978,48.88724002971361,23.496745134455455,0.28181181885421963,0,0.11396957002639127,1,0.15338822164810487
1,2,1,LHA,10.034977307239524,11.464743819463576,5.544328750093743,11.403013959814382,13.118381506151785,6.485615311843854,0.23440397469275492,0,0.11396957002639127,2,0.1880207624155663
2,2,1,LHA,5.795943523564878,7.219621998284101,4.3046463814991895,6.207563457889817,7.2606824793067135,3.766120813460782,0.15507165719101318,0,0.11396957002639127,3,0.1806444664041759
3,2,1,LHA,17.198710950576597,20.261268587446864,10.710898487576925,20.32941369970306,24.54226200924203,13.749093175792002,0.24516317399985021,0,0.11396957002639127,4,0.0371828397862812
4,2,1,LHA,7.70824764244853,9.316761077916446,5.233063659622866,9.088647986606187,11.266935863904541,6.658852869443631,0.1960822041758162,0,0.11396957002639127,5,0.18131351012917324
5,2,1,LHA,7.468810818978914,8.400299968446264,3.844724243711348,8.33172800267535,9.286182748054749,4.100670496358502,0.23212250327137982,0,0.11396957002639127,6,0.15550793560093598
6,2,1,LHA,5.334617759601682,6.089327538277677,2.9362839146392523,5.778956976183499,6.512894856628689,3.003573818124086,0.21538896119346734,0,0.11396957002639127,7,0.09389228472164692
7,2,1,LHA,11.45846979729484,13.126093180329987,6.402951825774366,13.096439925347802,15.12540982822842,7.5671185899009785,0.2399720064282876,0,0.11396957002639127,8,0.0996919702442314
8,2,1,LHA,10.159624114818943,11.341753735247472,5.041568767416487,11.221664887475052,12.434693216137648,5.356849123567803,0.24561995085511426,0,0.11396957002639127,9,0.08689708645523127
9,2,1,LHA,52.0167976763152,59.11092219192748,28.077640247737946,56.98695234275492,63.86297029019548,28.826484991600516,0.5148286983795656,1,0.15338822164810487,2,0.1880207624155663
10,2,1,LHA,25.1520269795482,29.54674699272431,15.504379918982325,29.873367182811762,35.62752713229117,19.413980084543418,0.41700398042220305,1,0.15338822164810487,3,0.1806444664041759
11,2,1,LHA,37.55457162243783,44.38422536762149,23.656153781606218,45.02009855087119,54.03152034572573,29.876343774639135,0.45947689873118885,1,0.15338822164810487,4,0.0371828397862812
12,2,1,LHA,20.870724689471363,24.4942406475875,12.821102754374055,23.69864789763467,26.967339003153317,12.869011645613266,0.33115151333525106,1,0.15338822164810487,5,0.18131351012917324
13,2,1,LHA,21.399094016129478,25.12117846865718,13.15873789323949,25.10320271176678,29.456286430393057,15.411100670662796,0.3646302365593306,1,0.15338822164810487,6,0.15550793560093598
14,2,1,LHA,22.196967153435235,26.086270791794945,13.703582488246328,26.572312330909515,31.6304166526476,17.157956609360006,0.38810617240217504,1,0.15338822164810487,7,0.09389228472164692
15,2,1,LHA,19.424659239933185,22.26000553495051,10.871543580766513,22.12298154501249,25.623254091657913,12.927677200669132,0.39887823331338085,1,0.15338822164810487,8,0.0996919702442314
16,2,1,LHA,15.907208525595868,18.49145814450625,9.428400778140302,18.681805757891237,21.978362516791726,11.577501999306126,0.3803227658608853,1,0.15338822164810487,9,0.08689708645523127
17,2,1,LHA,40.68965936936122,48.91060719867264,27.140359558196767,46.63276064294493,57.850655909341135,34.235712698274476,0.45212655146350383,2,0.1880207624155663,3,0.1806444664041759
18,2,1,LHA,18.33492641067834,20.53284521741155,9.242738027077811,20.25692663232621,22.349910554094887,9.443274071453992,0.309774264380393,2,0.1880207624155663,4,0.0371828397862812
19,2,1,LHA,11.36366647880081,13.226710726103159,6.768527224632484,13.218721793194355,15.631983774873156,8.344118341204545,0.2545394992092289,2,0.1880207624155663,5,0.18131351012917324
20,2,1,LHA,5.135996580242551,6.1356750978363825,3.356791330116648,5.772319291818472,6.99157619199101,3.9449293582668634,0.17073865119957846,2,0.1880207624155663,6,0.15550793560093598
21,2,1,LHA,6.15703621547776,7.435653177404279,4.168913913231796,6.9047894495494395,8.793176701857124,5.4446156124628,0.19906623677336363,2,0.1880207624155663,7,0.09389228472164692
22,2,1,LHA,12.02992850995019,13.655405226588147,6.461494559915568,13.593337396046973,15.476481919899378,7.398829032637746,0.25530397423726225,2,0.1880207624155663,8,0.0996919702442314
23,2,1,LHA,8.09253192145297,9.068367397434983,4.092213869670843,8.921981294675179,9.947747726132826,4.399537998500185,0.19657650559209033,2,0.1880207624155663,9,0.08689708645523127
24,2,1,LHA,25.364873807897556,29.874771957954213,15.78369970093197,30.49553700106879,36.419678759147594,19.910178902660594,0.39209888669441084,3,0.1806444664041759,4,0.0371828397862812
25,2,1,LHA,5.234430865574542,6.2795145891103035,3.4688668161763845,5.673573182386812,6.664206847297454,3.4960292115008778,0.23086293160415594,3,0.1806444664041759,5,0.18131351012917324
26,2,1,LHA,9.924599111336999,11.717378101860264,6.228906971628592,11.464270929908308,13.401442879511572,6.940400802437184,0.2454344111008078,3,0.1806444664041759,6,0.15550793560093598
27,2,1,LHA,12.163397002008418,14.239976058429193,7.404639864042628,14.32534349533275,16.843523170951933,8.85939086795037,0.28444898701673316,3,0.1806444664041759,7,0.09389228472164692
28,2,1,LHA,27.610293229885215,31.384287508693873,14.921300552837636,30.71085733761512,34.87726550401132,16.530786146640132,0.46261095381828704,3,0.1806444664041759,8,0.0996919702442314
29,2,1,LHA,16.2238367336858,18.56746129244514,9.029825052854349,18.54276643868787,21.41928653822774,10.721550662426349,0.3729736110043339,3,0.1806444664041759,9,0.08689708645523127
30,2,1,LHA,19.885889233567493,24.012867699950192,13.459911759205403,23.551918053530464,29.64887166411971,18.01007348555876,0.25812725193439057,4,0.0371828397862812,5,0.18131351012917324
31,2,1,LHA,11.910790268962735,14.468546117070998,8.214128189320695,13.213694928778569,15.12832399105771,7.366441006862393,0.2615919414457344,4,0.0371828397862812,6,0.15550793560093598
32,2,1,LHA,16.562215585253163,19.538381859295626,10.365393412082803,18.81601302953474,21.50574231675838,10.414154131142428,0.32567105747187686,4,0.0371828397862812,7,0.09389228472164692
33,2,1,LHA,8.984634493227743,9.994907510042987,4.378871904659458,9.87506271242426,10.862018705286147,4.52400119138735,0.236926499263765,4,0.0371828397862812,8,0.0996919702442314
34,2,1,LHA,7.771182841957089,8.787050364112087,4.101337749846273,8.752449263577109,9.839453356606692,4.495494883252256,0.24792248456946336,4,0.0371828397862812,9,0.08689708645523127
35,2,1,LHA,22.689308973301248,26.57157520699584,13.829094955748449,26.82659745908869,31.893761431244084,17.249512659815327,0.3863595201514167,5,0.18131351012917324,6,0.15550793560093598
36,2,1,LHA,10.937933317367664,12.305740799789401,5.638516770962013,12.303392182299342,13.79242158804953,6.2335731383396915,0.302844141169746,5,0.18131351012917324,7,0.09389228472164692
37,2,1,LHA,14.448686397082504,16.636163924011324,8.246054299199029,16.647561134559282,19.363524674978212,9.889630736766735,0.2863991830721161,5,0.18131351012917324,8,0.0996919702442314
38,2,1,LHA,13.832297749068855,15.415257071199852,6.8042405566148,15.243225456360227,16.751440289595468,6.946569618340687,0.3137358835688252,5,0.18131351012917324,9,0.08689708645523127
39,2,1,LHA,5.379459372993492,6.439890528236447,3.5402834448645435,5.863555892680445,6.873238530608999,3.5861009734892564,0.17044212487868482,6,0.15550793560093598,7,0.09389228472164692
40,2,1,LHA,12.268140011207386,14.812198529107743,8.300238908074519,14.580226949333921,18.265203447193006,11.001574390661917,0.2654559974944044,6,0.15550793560093598,8,0.0996919702442314
41,2,1,LHA,13.03355310551433,15.014717621310027,7.454410687198257,15.018424106408599,17.4901809900256,8.964004039707806,0.29369145725656387,6,0.15550793560093598,9,0.08689708645523127
42,2,1,LHA,27.499679755903955,33.05380962786875,18.339082426286094,32.828429669009736,40.8280614924792,24.27395333892987,0.42925162910285913,7,0.09389228472164692,8,0.0996919702442314
43,2,1,LHA,23.596283346384357,26.485848654566674,12.029779349171609,26.022217957677395,28.681912775909215,12.062184422731914,0.4310673992505141,7,0.09389228472164692,9,0.08689708645523127
44,2,1,LHA,4.230121708597439,5.237914398597588,3.0889832595028115,4.350255090613477,5.221807459628907,2.888347934724559,0.23289684572549613,8,0.0996919702442314,9,0.08689708645523127
45,2,1,LHB,6.388991619388155,7.835641509632963,4.5363050994031555,7.40135871048699,8.876711455266973,4.900601544582689,0.20353032555318384,0,0.11396957002639127,1,0.15338822164810487
46,2,1,LHB,19.745586374636485,21.870520675284965,9.403802067772226,21.708063906040387,23.616317677481476,9.300022693251371,0.3633016536526768,0,0.11396957002639127,2,0.1880207624155663
47,2,1,LHB,16.174701083450792,19.030142178582402,10.026233400339168,17.714391730071924,21.350979657482025,11.919087967112699,0.3511601715250817,0,0.11396957002639127,3,0.1806444664041759
48,2,1,LHB,9.703662321573704,10.852114678940595,4.8587375473211925,10.544099450116601,11.611317651120135,4.862577956317489,0.26061031572865984,0,0.11396957002639127,4,0.0371828397862812
49,2,1,LHB,21.59945922669836,24.260173903098604,11.046239130255216,24.664196983780972,27.78535602163409,12.794662808929655,0.3636676760771319,0,0.11396957002639127,5,0.18131351012917324
50,2,1,LHB,7.6346623430821055,8.786184169530042,4.348443763925709,8.447167074783277,9.68038774486818,4.728136557005455,0.21235500654076553,0,0.11396957002639127,6,0.15550793560093598
51,2,1,LHB,6.092529019280203,7.408179632219165,4.214524363727832,6.888037934977833,8.089412085723833,4.241877096164047,0.16396485011378562,0,0.11396957002639127,7,0.09389228472164692
52,2,1,LHB,6.240757643384078,7.492222471602653,4.145641277357578,6.733822619032341,8.16192570057065,4.612229837838107,0.20419338708823764,0,0.11396957002639127,8,0.0996919702442314
53,2,1,LHB,13.207429842328912,14.602094647022659,6.227757625387126,14.391781734770325,15.564280370467486,5.926503349298875,0.3029090051394845,0,0.11396957002639127,9,0.08689708645523127
54,2,1,LHB,40.9069715574227,46.120610350807716,21.300947798894807,44.45728973292286,49.17483714362399,21.016993070011072,0.44070518646070544,1,0.15338822164810487,2,0.1880207624155663
55,2,1,LHB,25.70562147592024,30.254812557297168,15.955397438293243,28.55801468883478,34.787759432697406,19.86524611927887,0.3728382961831296,1,0.15338822164810487,3,0.1806444664041759
56,2,1,LHB,15.708600290448388,18.211686709600468,9.214413151338668,16.987474487908685,19.628891550939382,9.83458662279157,0.31055756501049514,1,0.15338822164810487,4,0.0371828397862812
57,2,1,LHB,16.72428123940018,18.856093657425696,8.709229876576735,17.994205483583617,19.58062088263357,7.720704835958653,0.3110755627525701,1,0.15338822164810487,5,0.18131351012917324
58,2,1,LHB,7.9194627640948125,9.142689256307806,4.568465427856702,8.550748307309533,9.828274327941628,4.8455835201056665,0.23149082013047445,1,0.15338822164810487,6,0.15550793560093598
59,2,1,LHB,5.624227385376079,6.9508195732770846,4.084355402978247,6.331399132346577,7.566371706723355,4.142869275179308,0.17234048185080103,1,0.15338822164810487,7,0.09389228472164692
60,2,1,LHB,7.388035832817302,8.649718043726836,4.498282868938009,7.9656972245576965,9.363424880658435,4.921523465595511,0.2267634351088053,1,0.15338822164810487,8,0.0996919702442314
61,2,1,LHB,14.52732848565606,16.353069826903482,7.508636349792624,15.640503504274339,17.058979917405935,6.8105393292485426,0.2938486070981054,1,0.15338822164810487,9,0.08689708645523127
62,2,1,LHB,49.4986869995223,58.87339039858011,31.874065983914686,54.0587716938639,61.51729880151132,29.36030065897019,0.3637099429483729,2,0.1880207624155663,3,0.1806444664041759
63,2,1,LHB,24.299864822388088,27.72104885904909,13.340656635243008,28.185678976515298,32.408032489797804,15.995251498260771,0.38929418805459304,2,0.1880207624155663,4,0.0371828397862812
64,2,1,LHB,23.271589164812625,25.875495051608315,11.312576272007282,25.74006996919447,28.232375107929496,11.598094766633444,0.37922721240471846,2,0.1880207624155663,5,0.18131351012917324
65,2,1,LHB,16.877704174070207,19.0370183269241,8.806314132042823,19.40280130329024,22.037666578773866,10.449404280735113,0.35878179167680246,2,0.1880207624155663,6,0.15550793560093598
66,2,1,LHB,19.234115458961494,22.773050854730936,12.192647282009753,22.183879866570667,27.044919502602017,15.469426135696947,0.3625469346164798,2,0.1880207624155663,7,0.09389228472164692
67,2,1,LHB,15.012287132873402,17.942742166720887,9.827168030596981,16.858459812241566,20.753695548446203,12.104057653391768,0.33982541502592656,2,0.1880207624155663,8,0.0996919702442314
68,2,1,LHB,13.54162846610339,14.980815217761199,6.406958956847144,15.187077626557542,16.741721313411873,7.045417354625959,0.341033391218028,2,0.1880207624155663,9,0.08689708645523127
69,2,1,LHB,32.187482003220964,37.559523093684284,19.356750174482542,34.58101157928169,40.666273967691325,21.39858585441839,0.42896694687433795,3,0.1806444664041759,4,0.0371828397862812
70,2,1,LHB,27.055695792446297,31.1456221672461,15.428515980853614,29.00525640210211,32.64822127104132,14.98670921887756,0.42347638998592313,3,0.1806444664041759,5,0.18131351012917324
71,2,1,LHB,19.152396501080105,21.724435065029695,10.253623123564976,20.574148226259393,22.48435077854008,9.06920364179475,0.4000563795767916,3,0.1806444664041759,6,0.15550793560093598
72,2,1,LHB,19.870135965072254,22.005376972320644,9.455914150598128,21.958916928456457,23.969015390879793,9.60831234595238,0.4125830461160469,3,0.1806444664041759,7,0.09389228472164692
73,2,1,LHB,24.6478989633173,27.55909432518903,12.32820979375222,27.77449518040553,30.952078961573527,13.66047618193132,0.4346235760179401,3,0.1806444664041759,8,0.0996919702442314
74,2,1,LHB,24.99712724345988,28.15494207822827,12.955477335963526,26.77544699526955,29.103518869694888,11.405711236139432,0.43406904737130064,3,0.1806444664041759,9,0.08689708645523127
75,2,1,LHB,23.118608410679922,26.182214143684373,12.289763326418683,24.73806279051679,26.954389884351425,10.703615436387617,0.3838319841281278,4,0.0371828397862812,5,0.18131351012917324
76,2,1,LHB,10.587881773813692,11.859565269759997,5.342850169286186,11.91912701964449,13.368204068153505,6.05337022635957,0.2721928525637166,4,0.0371828397862812,6,0.15550793560093598
77,2,1,LHB,13.283127165821648,16.143170748563076,9.173902905191081,14.56813329840262,16.867690588916595,8.502263110689897,0.2571905007787768,4,0.0371828397862812,7,0.09389228472164692
78,2,1,LHB,5.667479671324164,6.995396011102073,4.100638916957958,6.398977393518004,7.627106471174661,4.15040256359307,0.1283185503145522,4,0.0371828397862812,8,0.0996919702442314
79,2,1,LHB,14.908744974925774,16.57637089855752,7.2460606842042194,16.136268093493463,17.44170052175389,6.620707598546756,0.3177454656864235,4,0.0371828397862812,9,0.08689708645523127
80,2,1,LHB,20.03099630217829,24.239416642666,13.649487401322922,23.414529813522343,28.20552389754183,15.726136586793228,0.409230294180151,5,0.18131351012917324,6,0.15550793560093598
81,2,1,LHB,20.000084140442016,24.464364108852017,14.089064753408097,23.983400987445624,29.52140917988385,17.21365960629879,0.3945519145808213,5,0.18131351012917324,7,0.09389228472164692
82,2,1,LHB,12.342672855812273,14.586751449903137,7.773785733839476,13.59060074046777,16.523744845336907,9.398388969764705,0.2770045274969837,5,0.18131351012917324,8,0.0996919702442314
83,2,1,LHB,14.154803430136683,16.042402446893366,7.549848748304897,15.241102022998398,16.778485762507795,7.016152336375748,0.2772160992465371,5,0.18131351012917324,9,0.08689708645523127
84,2,1,LHB,14.749641634546071,17.78414453205383,9.935988546161129,17.144132219770764,21.189847142195052,12.453447407871037,0.3499442297853041,6,0.15550793560093598,7,0.09389228472164692
85,2,1,LHB,8.022688767801034,9.339041187792178,4.780601974885364,8.642585698296006,10.096314813267531,5.219318466640518,0.23639929814605817,6,0.15550793560093598,8,0.0996919702442314
86,2,1,LHB,525.2203837629983,572.9744683048691,229.0049995286046,601.3824853494439,649.0424782194119,244.1213731898986,0.9955031913633692,6,0.15550793560093598,9,0.08689708645523127
87,2,1,LHB,14.854565368942676,16.817672969564203,7.885176714000728,17.09926648747833,19.523381957575936,9.422182796549958,0.34749205890319246,7,0.09389228472164692,8,0.0996919702442314
88,2,1,LHB,41.43340067517565,46.97377535781082,22.131626236145188,44.00680070397301,48.29179623952322,19.88715856628164,0.567696122363599,7,0.09389228472164692,9,0.08689708645523127
89,2,1,LHB,27.662399990628725,32.10168265494414,16.288328828864106,29.718928571801552,34.28203946656817,17.089280690874478,0.43448600601046894,8,0.0996919702442314,9,0.08689708645523127
90,2,2,LHA,11.88103334842939,13.0557902458535,5.412458361708851,12.828612093384866,13.861553833891435,5.250655811165871,0.3191869074544861,0,0.1304566393187935,1,0.12677590706254727
91,2,2,LHA,10.236873416852852,11.388863372220635,4.991255509232141,10.917977796573116,11.882371945836049,4.689192243097737,0.2913447341716981,0,0.1304566393187935,2,0.16635940271283509
92,2,2,LHA,9.256093844361866,10.46900652476688,4.891300886265111,9.671142746760214,10.689216756688221,4.552840085402909,0.27040209162989554,0,0.1304566393187935,3,0.1914378988432138
93,2,2,LHA,15.098017933654825,16.81546052531554,7.4033483744507524,16.215195574247808,18.232402925376217,8.33594319331421,0.3713713763255828,0,0.1304566393187935,4,0.11175042151319362
94,2,2,LHA,20.403595419781453,23.499985189242842,11.659442432659734,22.41073940833257,24.906160468106204,10.866259173922991,0.398658841794377,0,0.1304566393187935,5,0.18547291752344391
95,2,2,LHA,20.888653256645725,23.133777800238885,9.941621619959667,22.613522628956776,24.523151101731276,9.487546272245737,0.41567384117108586,0,0.1304566393187935,6,0.1462719735359383
96,2,2,LHA,11.690662538672818,13.367542264670785,6.482252355827546,12.293294993013792,13.522278392729076,5.632664657620735,0.29118643199559197,0,0.1304566393187935,7,0.07008603766656277
97,2,2,LHA,15.85461021290196,17.891399256174008,8.290567069915594,17.4196512598577,18.879351695405383,7.279125663412062,0.3539901539783199,0,0.1304566393187935,8,0.06439525266760059
98,2,2,LHA,20.31616124969886,22.509305181682414,9.691357584897442,22.25050277457121,24.009059759397157,9.019427742883842,0.40568141800839996,0,0.1304566393187935,9,0.08148616306186234
99,2,2,LHA,9.806709050789937,11.057877733583844,5.109316741409178,10.304767817091774,11.274931554213408,4.575570105246648,0.2784620285326115,1,0.12677590706254727,2,0.16635940271283509
100,2,2,LHA,9.026651410519401,10.400555945602191,5.166345738582463,9.173114259001837,10.276578661159496,4.632714514223367,0.25851573439770714,1,0.12677590706254727,3,0.1914378988432138
101,2,2,LHA,13.683977549282876,15.483729843346703,7.245319060777626,14.720412657769804,17.034624688458276,8.572507769702097,0.3610172788886611,1,0.12677590706254727,4,0.11175042151319362
102,2,2,LHA,25.293983922999676,28.640213561968,13.434143447878233,28.395397028030498,31.004658070850034,12.449508010794744,0.41106670004981927,1,0.12677590706254727,5,0.18547291752344391
103,2,2,LHA,18.52728228893298,20.51816925436967,8.81674999856246,20.000586263286195,21.86866375169618,8.843924661008712,0.38831140466698044,1,0.12677590706254727,6,0.1462719735359383
104,2,2,LHA,12.506684036691315,14.03575559040772,6.370658474603091,13.496235772849156,14.56764590567938,5.483422945289184,0.29816439111577847,1,0.12677590706254727,7,0.07008603766656277
105,2,2,LHA,16.99025438089684,18.965308171317762,8.426990572290205,18.743284523834635,20.18451640055105,7.490259513708141,0.3459864195694363,1,0.12677590706254727,8,0.06439525266760059
106,2,2,LHA,32.509529611285366,36.37031125624012,16.30736107801464,34.97765458462852,38.303708461825785,15.612103051381627,0.4721852740782916,1,0.12677590706254727,9,0.08148616306186234
107,2,2,LHA,8.576108073112705,10.178152329498676,5.481346108463724,8.14063185764405,9.448377536363115,4.7960349277253895,0.23916770910121976,2,0.16635940271283509,3,0.1914378988432138
108,2,2,LHA,14.460178684636677,17.270357199600447,9.44290581389914,16.257444256566345,19.362912577420165,10.517503968406857,0.34328936966807044,2,0.16635940271283509,4,0.11175042151319362
109,2,2,LHA,30.236482660717446,33.9000458118531,15.328673209181275,33.19374163625029,36.36696920339011,14.857051027245916,0.4095223182997021,2,0.16635940271283509,5,0.18547291752344391
110,2,2,LHA,15.024241529025389,16.70808514899903,7.309738423754354,16.144361198366862,18.094939779169874,8.17229754160057,0.34469542054601865,2,0.16635940271283509,6,0.1462719735359383
111,2,2,LHA,12.64570451636974,14.091842039664376,6.2182127139169365,13.700382484642361,14.717677337548942,5.376759803702078,0.29584419552364716,2,0.16635940271283509,7,0.07008603766656277
112,2,2,LHA,17.62761322024027,19.549580497770098,8.453008328187286,19.389660288634985,20.842168554345367,7.644413904222763,0.33445074608491265,2,0.16635940271283509,8,0.06439525266760059
113,2,2,LHA,32.485909503906086,38.05316745400895,19.816892717751443,36.0761232682719,42.09368068929188,21.688505801564915,0.44078456727522264,2,0.16635940271283509,9,0.08148616306186234
114,2,2,LHA,18.20095573514181,21.313627363228314,11.090352641190583,20.156723348967724,23.012052266465552,11.102299462170969,0.30570547046973856,3,0.1914378988432138,4,0.11175042151319362
115,2,2,LHA,28.725687231902818,32.05684492488002,14.229413185114167,31.10120431005627,33.968547330290434,13.659330078533078,0.37589501048058827,3,0.1914378988432138,5,0.18547291752344391
116,2,2,LHA,12.369565919982216,13.933315794404805,6.413355438288516,13.314578579310348,15.265984813358912,7.468084732853194,0.30904170127829245,3,0.1914378988432138,6,0.1462719735359383
117,2,2,LHA,12.016608319411771,13.375534061534179,5.874183852170849,12.968192920429559,13.935064371018575,5.100195231846715,0.280883272088167,3,0.1914378988432138,7,0.07008603766656277
118,2,2,LHA,17.0535410247997,18.832854454118458,7.990816316590121,18.690283316056213,20.052310010334537,7.264189308939662,0.3138042526814788,3,0.1914378988432138,8,0.06439525266760059
119,2,2,LHA,16.686403042997718,19.409432835172215,9.914133167841648,17.320282916709388,19.579720122128133,9.130894794378824,0.2589424716525339,3,0.1914378988432138,9,0.08148616306186234
120,2,2,LHA,77.82584931821523,88.15380588027924,41.403268821149986,81.96859299456588,90.41209897606944,38.15098168789084,0.5592977316358552,4,0.11175042151319362,5,0.18547291752344391
121,2,2,LHA,23.236673142618336,26.297841764839482,12.313955609456096,24.723572710611307,28.11254341899454,13.38133214250245,0.40264658425015154,4,0.11175042151319362,6,0.1462719735359383
122,2,2,LHA,21.358414517442768,23.646860846085023,10.148505169491662,23.251836443411293,25.131183042942837,9.535641727054768,0.40115315489539377,4,0.11175042151319362,7,0.07008603766656277
123,2,2,LHA,31.5991893303081,35.3525289058637,15.85220911126494,34.2278330926555,37.53371106856099,15.402431897578206,0.4383138773173088,4,0.11175042151319362,8,0.06439525266760059
124,2,2,LHA,14.048557701411791,16.559692029279176,8.767064880259287,15.579257613163685,17.818278336329946,8.64741435884776,0.30658421603048164,4,0.11175042151319362,9,0.08148616306186234
125,2,2,LHA,40.39689819288987,46.46191046735678,22.95211843534207,40.55450463867777,44.97177129971157,19.436881626048574,0.4557242874669055,5,0.18547291752344391,6,0.1462719735359383
126,2,2,LHA,15.84730083845377,18.55790000204352,9.657054862709927,15.284451818497798,17.462224507719196,8.444810084661956,0.364549509944313,5,0.18547291752344391,7,0.07008603766656277
127,2,2,LHA,9.362812983895632,11.06413871513657,5.8951589067962615,8.921077486127874,10.29280232522653,5.133824713865001,0.3000174872601721,5,0.18547291752344391,8,0.06439525266760059
128,2,2,LHA,33.97306012841269,38.841259899452126,18.827497340008925,38.613084953945,42.51099093653167,17.782407619478985,0.4685402760655592,5,0.18547291752344391,9,0.08148616306186234
129,2,2,LHA,29.363349865157208,33.89571647843575,16.932609966655274,33.09772142874204,36.81016003829284,16.109895042182014,0.5221308179975637,6,0.1462719735359383,7,0.07008603766656277
130,2,2,LHA,27.12959801173089,31.594599285711045,16.19270254610206,29.53334457231524,33.52944574151914,15.874674488202077,0.5040416274767253,6,0.1462719735359383,8,0.06439525266760059
131,2,2,LHA,14.750429801447014,16.170201278295288,6.625724870017342,16.031123595917208,17.22398741814658,6.2983187306533015,0.37335874057188656,6,0.1462719735359383,9,0.08148616306186234
132,2,2,LHA,21.283245742144494,24.611439452844056,12.359061559054435,23.225698900317852,26.008721545703775,11.70557589500534,0.44531373517980943,7,0.07008603766656277,8,0.06439525266760059
133,2,2,LHA,15.97652512880787,18.07206582274784,8.446905226785804,17.54499207026444,19.055325256198646,7.434962936954023,0.3646755721130418,7,0.07008603766656277,9,0.08148616306186234
134,2,2,LHA,19.405621082242703,21.886729027949226,10.121797170230836,21.581014320612184,23.423453443479595,9.10593169930391,0.389894592902452,8,0.06439525266760059,9,0.08148616306186234
135,2,2,LHB,23.19325565301106,27.296032460774942,14.392577264470384,25.203541058656842,28.85165437722156,14.042773173673595,0.301244352881204,0,0.1304566393187935,1,0.12677590706254727
136,2,2,LHB,8.395589180139757,9.967124625231172,5.371932204822572,9.101065780895777,10.499429580845439,5.23532455297092,0.308452449593566,0,0.1304566393187935,2,0.16635940271283509
137,2,2,LHB,8.691565328019049,10.073680860196266,5.0927142293537075,9.372111273560504,10.64431337978782,5.046279580357204,0.3195718585377958,0,0.1304566393187935,3,0.1914378988432138
138,2,2,LHB,15.113422258696241,16.96313478851341,7.702753370296816,15.962081702003234,17.754297080038167,7.7734813658248,0.35102578594841377,0,0.1304566393187935,4,0.11175042151319362
139,2,2,LHB,24.62644839107079,27.6133217787886,12.491340172329297,25.474145156834798,28.3036819626584,12.335572186640748,0.3931202726030095,0,0.1304566393187935,5,0.18547291752344391
140,2,2,LHB,26.2060352030275,29.300480399044677,13.105795304081497,28.192316286392362,30.57560611381114,11.834736652538622,0.416903557199789,0,0.1304566393187935,6,0.1462719735359383
141,2,2,LHB,17.486934264673796,19.38609791476082,8.368268780558576,19.070193994184788,20.57607999895722,7.726756703018789,0.37697646747149727,0,0.1304566393187935,7,0.07008603766656277
142,2,2,LHB,20.71967355237001,23.049824825942295,10.098987691340383,22.37771611409245,24.22884872697525,9.288430015440568,0.3918161823123867,0,0.1304566393187935,8,0.06439525266760059
143,2,2,LHB,28.560793405203626,32.752861851709696,16.03218760938312,30.181601703274488,33.89619606234306,15.42799488338324,0.36967438422877713,0,0.1304566393187935,9,0.08148616306186234
144,2,2,LHB,15.313035977296694,17.97257249668682,9.408734840916747,16.527063442384165,18.47562621019624,8.25862808402819,0.29035125977214404,1,0.12677590706254727,2,0.16635940271283509
145,2,2,LHB,12.760853370545622,14.774126421502823,7.445497483310456,13.834525264155127,15.41246262772863,6.793372871157981,0.2908099401368716,1,0.12677590706254727,3,0.1914378988432138
146,2,2,LHB,10.281035534788685,11.575331764161204,5.318704145072525,11.22252792458403,12.333001387971933,5.114468713136223,0.29529749025960744,1,0.12677590706254727,4,0.11175042151319362
147,2,2,LHB,15.87746564916287,17.6400898030453,7.686276915331364,17.09968676579475,18.613033819967885,7.351580816053936,0.33524871007172247,1,0.12677590706254727,5,0.18547291752344391
148,2,2,LHB,14.178929522157722,15.703925833445727,6.7506476865592875,15.616794132545017,16.88165780567592,6.4114047828573595,0.322317796186274,1,0.12677590706254727,6,0.1462719735359383
149,2,2,LHB,9.85895575275137,11.15445640521279,5.2175558608493375,10.73017817180858,11.86183503539158,5.056323447732144,0.29186235609288214,1,0.12677590706254727,7,0.07008603766656277
150,2,2,LHB,14.005896400259996,15.510189852470113,6.663396677735085,15.36172309015209,16.59207784426697,6.2701284589474735,0.32366307335028455,1,0.12677590706254727,8,0.06439525266760059
151,2,2,LHB,26.237843536254644,29.43118912405288,13.333058907197143,27.07927096717902,30.085664287066148,13.109549171506359,0.38388532628721317,1,0.12677590706254727,9,0.08148616306186234
152,2,2,LHB,11.892886250001371,13.278711676852438,5.906220487037847,13.046347548033152,14.212712099547565,5.638616929758142,0.3309849738433561,2,0.16635940271283509,3,0.1914378988432138
153,2,2,LHB,17.904662579256414,19.854351762055277,8.58011315860126,19.52470852741099,21.06285387262481,7.901238521851527,0.39041045070960667,2,0.16635940271283509,4,0.11175042151319362
154,2,2,LHB,23.653694855715163,26.33783556867681,11.583794806339217,26.118530852927872,28.082851579716703,10.318376758630771,0.4259080992388605,2,0.16635940271283509,5,0.18547291752344391
155,2,2,LHB,17.973080768691123,19.980620509378817,8.728892462501449,19.867423729016956,21.59199339093425,8.455746742059054,0.36739504663792155,2,0.16635940271283509,6,0.1462719735359383
156,2,2,LHB,12.330236496803037,13.710786223023346,5.995909170955908,13.53490629167191,14.689799660524503,5.7093367164676865,0.3389604978619605,2,0.16635940271283509,7,0.07008603766656277
157,2,2,LHB,17.037075399037903,18.836733575086036,8.034960710935131,18.820854560632412,20.25958755731088,7.49842127383278,0.37516505939893074,2,0.16635940271283509,8,0.06439525266760059
158,2,2,LHB,67.48219326420916,78.19570506965202,39.50597275845678,77.77479439106483,86.60443163291755,38.09736127198684,0.5898248131465118,2,0.16635940271283509,9,0.08148616306186234
159,2,2,LHB,20.391915375616925,22.622031142592473,9.79418604734982,22.490088465461298,24.171644968117207,8.85801000679218,0.41486445481901324,3,0.1914378988432138,4,0.11175042151319362
160,2,2,LHB,23.54845841674722,26.17317795443488,11.42389383832163,26.183449346308848,28.219380358720056,10.52427708488302,0.42984624449755715,3,0.1914378988432138,5,0.18547291752344391
161,2,2,LHB,16.841428320603242,18.78159534508229,8.313520062428424,18.57149009805262,20.246488406524907,8.063500997301432,0.3575762428437039,3,0.1914378988432138,6,0.1462719735359383
162,2,2,LHB,12.421418723957844,13.809663742813601,6.034498286824684,13.63875481514716,14.799859123474828,5.746320315384566,0.3409088182493801,3,0.1914378988432138,7,0.07008603766656277
163,2,2,LHB,16.979499914090663,18.777460501262162,8.0180799162802,18.76912636553018,20.22931955594965,7.5462086620691045,0.37804429444699517,3,0.1914378988432138,8,0.06439525266760059
164,2,2,LHB,34.25055227594732,39.873538383419934,20.4156491938577,38.50553231129709,42.66075200053235,18.36474183522819,0.433392623463708,3,0.1914378988432138,9,0.08148616306186234
165,2,2,LHB,22.697141509041845,25.333466155512955,11.25274521043865,25.19572620885396,27.49329673885893,11.00257907853522,0.42646320759383105,4,0.11175042151319362,5,0.18547291752344391
166,2,2,LHB,11.14958229479117,12.73865176365012,6.161173866011696,12.114486213421882,13.427353519550323,5.790772515285985,0.29698757636137935,4,0.11175042151319362,6,0.1462719735359383
167,2,2,LHB,10.514364815519189,11.823010490745785,5.406635699809734,11.451158355475256,12.589726257617144,5.231842845457401,0.29920760613335246,4,0.11175042151319362,7,0.07008603766656277
168,2,2,LHB,14.783585313653377,16.36971803065037,7.029457566336957,16.29799630070209,17.616174749901436,6.68617449677811,0.352882061006351,4,0.11175042151319362,8,0.06439525266760059
169,2,2,LHB,9.291891902952347,11.175581833255208,6.209216872974599,9.398970316706182,10.880597556085482,5.481492512370103,0.2372539715683753,4,0.11175042151319362,9,0.08148616306186234
170,2,2,LHB,6.786203375694131,8.271163334021125,4.728592458837303,7.061959594694505,8.06908032095988,3.9036885005087454,0.15482708581902943,5,0.18547291752344391,6,0.1462719735359383
171,2,2,LHB,9.500306234305688,11.146118264348473,5.829248134815935,10.291101121514494,11.772469787298819,5.717016931899596,0.1952999496371915,5,0.18547291752344391,7,0.07008603766656277
172,2,2,LHB,10.54443738916354,11.907169911280276,5.531323118577351,11.525795975571453,12.671387376971024,5.264986722372766,0.2972321618589201,5,0.18547291752344391,8,0.06439525266760059
173,2,2,LHB,10.22479021094777,11.56806651527631,5.4105293681823445,11.063567542224884,12.279359554568483,5.327301785050325,0.26119219933020255,5,0.18547291752344391,9,0.08148616306186234
174,2,2,LHB,14.970894275185126,17.057687136040723,8.175390818320457,15.883744534577042,17.87765267932504,8.204701389012984,0.2615814949957542,6,0.1462719735359383,7,0.07008603766656277
175,2,2,LHB,14.200781227752149,15.802276196674658,6.931792374091474,15.30070660408243,16.709697125824462,6.715828724183972,0.296866595292894,6,0.1462719735359383,8,0.06439525266760059
176,2,2,LHB,7.622733774222658,9.065558607677469,4.9069626732389375,8.168716573198022,9.39558676602753,4.64210299591808,0.23421134784044972,6,0.1462719735359383,9,0.08148616306186234
177,2,2,LHB,22.368771525247837,25.015513504874654,11.19883817026695,23.333654370799824,25.789998848492004,10.984744617389758,0.3821599159695293,7,0.07008603766656277,8,0.06439525266760059
178,2,2,LHB,8.228422839951419,9.668353332912933,5.076427261077854,8.871295283810719,10.187641605513111,5.008808388211661,0.22290935913272586,7,0.07008603766656277,9,0.08148616306186234
179,2,2,LHB,10.513382172633456,11.811986882412539,5.384406132754004,11.48485335743741,12.59471967172704,5.1696331559934405,0.27197444766358403,8,0.06439525266760059,9,0.08148616306186234
