,num_circles,experiment_number,LH,mae_all,rms_all,std_all,mae_experiment,rms_experiment,std_experiment,estimated_ecc,circle_0_index,circle_0_ecc,circle_1_index,circle_1_ecc,max_mocap_ecc
0,2,1,LHA,33.89162869751206,39.98535604571565,21.217591812753536,38.03455176117103,43.06764894785745,20.20384265981818,0.27115025165772483,0,0.1371006119216228,1,0.07806846951218799,0.1371006119216228
1,2,1,LHA,18.002428952060995,21.770234513423578,12.241554745842347,20.121606459707376,25.11816828051039,15.034737485194102,0.26565114159784736,0,0.1371006119216228,2,0.069871447333609,0.1371006119216228
2,2,1,LHA,23.994131818088903,28.92053773126403,16.145561029634123,27.325730104645455,34.305311967847814,20.740272502053475,0.29636590773915417,0,0.1371006119216228,3,0.17898851763208623,0.17898851763208623
3,2,1,LHA,29.227993097177684,35.20370845985011,19.622066884950115,34.84343395306376,43.489017428227,26.023638239706518,0.3481789946798667,0,0.1371006119216228,4,0.06536005514834138,0.1371006119216228
4,2,1,LHA,6.358227518076993,7.800794044063911,4.519439184928976,6.9230813354346,8.138984290457737,4.279487130869179,0.21995232335043213,0,0.1371006119216228,5,0.12923694295775529,0.1371006119216228
5,2,1,LHA,18.17262192595264,21.084512874800808,10.69170217991627,21.1325316139686,24.87197500335892,13.116068319139265,0.33275152928629925,0,0.1371006119216228,6,0.07027940932299263,0.1371006119216228
6,2,1,LHA,13.273015497305977,15.807611085285565,8.585314661205985,15.786511704383088,19.3371636530355,11.16745030665698,0.30547390613721076,0,0.1371006119216228,7,0.10659593578976845,0.1371006119216228
7,2,1,LHA,16.872558010722674,20.228409382576505,11.158195746800075,20.14989456811405,24.957359038172633,14.725879228560348,0.3141148612702518,0,0.1371006119216228,8,0.12804699152131954,0.1371006119216228
8,2,1,LHA,11.723526952877382,13.764936067732762,7.21334740144462,13.76308126908508,16.490685571798508,9.084068725438117,0.30395722010382487,0,0.1371006119216228,9,0.1367361790349284,0.1371006119216228
9,2,1,LHA,15.923610242570224,18.494118626082308,9.405905623506825,18.539580662691026,21.86705717271122,11.59534985441122,0.3099689354460737,1,0.07806846951218799,2,0.069871447333609,0.07806846951218799
10,2,1,LHA,15.630254923822482,18.792570018295685,10.433399202027536,18.653318688330888,23.209693368568875,13.81099446725527,0.27339673471262793,1,0.07806846951218799,3,0.17898851763208623,0.17898851763208623
11,2,1,LHA,20.679666039245888,23.450842173577687,11.058635139804107,23.13275643435408,26.246254824291285,12.39925288275401,0.3536714466882561,1,0.07806846951218799,4,0.06536005514834138,0.07806846951218799
12,2,1,LHA,25.899396375154424,30.28104949147187,15.689589724005101,29.376118673562743,33.3012661473817,15.684960270766032,0.25260352469886044,1,0.07806846951218799,5,0.12923694295775529,0.12923694295775529
13,2,1,LHA,8.138963624221526,9.428396656545262,4.75940486161376,9.420124675386965,10.8853503269301,5.454548820953284,0.26005507482258927,1,0.07806846951218799,6,0.07027940932299263,0.07806846951218799
14,2,1,LHA,9.299497325024623,10.642712258119511,5.175584383524936,10.697883435576294,12.265283854847977,5.999373137154981,0.27765554542296567,1,0.07806846951218799,7,0.10659593578976845,0.10659593578976845
15,2,1,LHA,11.36929263631161,12.700641347593013,5.660872334728973,12.579294827062638,13.942102375967165,6.011951456539246,0.3032337794161779,1,0.07806846951218799,8,0.12804699152131954,0.12804699152131954
16,2,1,LHA,8.365329438563906,9.376733764617471,4.236083034692946,9.336381886511374,10.371995073608952,4.517771029632939,0.281656733746582,1,0.07806846951218799,9,0.1367361790349284,0.1367361790349284
17,2,1,LHA,26.9328441421313,32.336255969994674,17.895679829855027,32.16197636644144,39.92799784153837,23.66119793751691,0.3588639112220243,2,0.069871447333609,3,0.17898851763208623,0.17898851763208623
18,2,1,LHA,5.603764420258262,6.470478412008391,3.234952117499457,6.194001498040404,7.064695097923999,3.3976848395495147,0.2079867082125572,2,0.069871447333609,4,0.06536005514834138,0.069871447333609
19,2,1,LHA,17.999485436601795,21.564100539783624,11.875561296522212,20.08533540258476,23.01312764620687,11.23313606373065,0.2647536604040797,2,0.069871447333609,5,0.12923694295775529,0.12923694295775529
20,2,1,LHA,4.10316144075065,5.018960880907972,2.8903346718367375,4.230668729301793,4.99659242240975,2.658454050494477,0.14082497827092122,2,0.069871447333609,6,0.07027940932299263,0.07027940932299263
21,2,1,LHA,4.808515877252348,5.9722370568823075,3.5420037439012284,5.038084740956936,6.029798858114472,3.313031302637433,0.15126378359484585,2,0.069871447333609,7,0.10659593578976845,0.10659593578976845
22,2,1,LHA,7.683407220170711,8.644994109033682,3.9624710262985716,8.486583740674092,9.52086295621157,4.315637594085938,0.247995308148028,2,0.069871447333609,8,0.12804699152131954,0.12804699152131954
23,2,1,LHA,4.876688950602237,5.654276463886051,2.86159871560109,5.251277061869286,5.998355180684889,2.899026404352801,0.20214819478507146,2,0.069871447333609,9,0.1367361790349284,0.1367361790349284
24,2,1,LHA,17.248515580928416,20.51490269010467,11.106301933539067,19.142476087904143,21.51401255341729,9.819284361531395,0.29350387073145173,3,0.17898851763208623,4,0.06536005514834138,0.17898851763208623
25,2,1,LHA,26.951705956253893,32.12110980850314,17.474874574014688,30.25579670494524,35.38939449112112,18.35745102668719,0.34291384881334275,3,0.17898851763208623,5,0.12923694295775529,0.17898851763208623
26,2,1,LHA,9.586692472821165,11.709594094386015,6.723832336311922,10.552573011923846,12.04839647819711,5.814383933302738,0.2313819546930032,3,0.17898851763208623,6,0.07027940932299263,0.17898851763208623
27,2,1,LHA,15.249460847382666,18.03147914020127,9.622275398659953,17.2644251035224,19.712773428101592,9.514886340494762,0.31970247542408525,3,0.17898851763208623,7,0.10659593578976845,0.17898851763208623
28,2,1,LHA,13.979944016141339,16.212574594566227,8.210282595010247,16.389625281326754,19.203004602114895,10.006776148517604,0.3730970818649154,3,0.17898851763208623,8,0.12804699152131954,0.17898851763208623
29,2,1,LHA,10.339838497296949,12.119313865906099,6.32182793424179,12.074747424154161,14.140007214905483,7.358007792905738,0.3226760459620691,3,0.17898851763208623,9,0.1367361790349284,0.17898851763208623
30,2,1,LHA,41.11296434482694,48.97300303585552,26.609757404585668,46.591021726265446,55.569013990633074,30.28517806442345,0.42907426179826347,4,0.06536005514834138,5,0.12923694295775529,0.12923694295775529
31,2,1,LHA,6.411730513911472,7.860277856728155,4.546831842277379,6.746063608468959,8.565868133565154,5.278704639598405,0.11387138227354728,4,0.06536005514834138,6,0.07027940932299263,0.07027940932299263
32,2,1,LHA,8.019072967815443,9.740665257888036,5.529469088717165,8.888076835262375,10.30689105930723,5.2186294636522765,0.21880783958350636,4,0.06536005514834138,7,0.10659593578976845,0.10659593578976845
33,2,1,LHA,7.440145388396568,8.908903895207985,4.900286237922566,8.72968118733845,10.644809513660292,6.091357480031999,0.17195698063250175,4,0.06536005514834138,8,0.12804699152131954,0.12804699152131954
34,2,1,LHA,4.440769824612744,5.224035487682761,2.7513833141490425,4.702477497129287,5.442561068487698,2.7401051755745836,0.18472766667128554,4,0.06536005514834138,9,0.1367361790349284,0.1367361790349284
35,2,1,LHA,57.97408482202719,66.9547995346224,33.49553208668091,65.91774384381414,76.02254692307523,37.87187197924704,0.5610334137813546,5,0.12923694295775529,6,0.07027940932299263,0.12923694295775529
36,2,1,LHA,26.713338612696358,32.10965677988047,17.81649793548522,31.891872225461753,39.667246785869416,23.588110427202274,0.41615325899724487,5,0.12923694295775529,7,0.10659593578976845,0.12923694295775529
37,2,1,LHA,24.719873653546493,29.850197940178727,16.73206991440534,29.2762642067007,36.82514884092245,22.338127523486556,0.39746133543700124,5,0.12923694295775529,8,0.12804699152131954,0.12923694295775529
38,2,1,LHA,19.09160467334683,22.497125352084844,11.900894088431354,22.57684120395704,27.273490850814436,15.301292247413821,0.3941897014817811,5,0.12923694295775529,9,0.1367361790349284,0.1367361790349284
39,2,1,LHA,5.245605129285226,5.996168777394205,2.9047662271882815,5.667093527837755,6.401695959699726,2.977542964790805,0.21517377333013804,6,0.07027940932299263,7,0.10659593578976845,0.10659593578976845
40,2,1,LHA,9.692890999240161,11.77541328915814,6.686420732150433,11.249416522110105,14.383769914128697,8.963451615012492,0.19737112106882,6,0.07027940932299263,8,0.12804699152131954,0.12804699152131954
41,2,1,LHA,6.7496437737421555,7.769740303533706,3.8485287204254846,7.574793237523745,8.764721582218572,4.409404928397088,0.22133843335764175,6,0.07027940932299263,9,0.1367361790349284,0.1367361790349284
42,2,1,LHA,19.62593354140003,23.728780374790354,13.337081791141008,22.7827617649885,28.919021939034547,17.811670226852378,0.35254900382460647,7,0.10659593578976845,8,0.12804699152131954,0.12804699152131954
43,2,1,LHA,9.719984019878076,10.921348799115552,4.979735961399717,10.812091665183816,12.122039310485357,5.481104894874292,0.28842525929278784,7,0.10659593578976845,9,0.1367361790349284,0.1367361790349284
44,2,1,LHA,8.198273276956398,10.076209602984477,5.858183612658377,8.981359359887247,10.317084624825435,5.077146758207324,0.28934483042611747,8,0.12804699152131954,9,0.1367361790349284,0.1367361790349284
45,2,1,LHB,17.66062652626126,19.55026514252151,8.38541220470459,19.281180537487685,20.861233954427178,7.964116974414135,0.3611024308103322,0,0.1371006119216228,1,0.07806846951218799,0.1371006119216228
46,2,1,LHB,32.72933743985028,36.70144451544806,16.606820895912826,36.11695698018169,39.96991874055547,17.121910600698516,0.4578518613129759,0,0.1371006119216228,2,0.069871447333609,0.1371006119216228
47,2,1,LHB,12.073532188073253,13.6282320103467,6.321275838894991,13.776180616408364,15.658604716956784,7.443705347875862,0.26189514626477606,0,0.1371006119216228,3,0.17898851763208623,0.17898851763208623
48,2,1,LHB,16.961522706929014,18.983835807122563,8.526005478189674,19.347395632780785,21.736555967521486,9.907378440225694,0.3139614677430964,0,0.1371006119216228,4,0.06536005514834138,0.1371006119216228
49,2,1,LHB,17.002252159810528,19.30857838169469,9.15120869701187,18.301090912264698,20.07269109778189,8.245180369645944,0.38463823475555775,0,0.1371006119216228,5,0.12923694295775529,0.1371006119216228
50,2,1,LHB,17.69706473095591,19.578450592179706,8.374343407024726,19.356575193652997,20.957394783841615,8.033392365510927,0.359625571602868,0,0.1371006119216228,6,0.07027940932299263,0.1371006119216228
51,2,1,LHB,12.942286572503416,14.258321127177338,5.983054373888756,14.297708062846223,15.550633544733039,6.115369800118267,0.3096211678281334,0,0.1371006119216228,7,0.10659593578976845,0.1371006119216228
52,2,1,LHB,7.615815612332232,8.749300486860026,4.306925999866461,8.313135046808645,9.460245200369465,4.515310060741711,0.2758975034258741,0,0.1371006119216228,8,0.12804699152131954,0.1371006119216228
53,2,1,LHB,11.166462856011673,12.343196625155343,5.259715791994646,12.270970019029138,13.373797004831818,5.318058021358607,0.29895405067009834,0,0.1371006119216228,9,0.1367361790349284,0.1371006119216228
54,2,1,LHB,49.58264823684169,56.06094243833017,26.160853596459507,54.38517442220796,60.73933875219141,27.046627795706417,0.5064799683773087,1,0.07806846951218799,2,0.069871447333609,0.07806846951218799
55,2,1,LHB,16.657390660096297,19.571511631145714,10.274989242087246,19.433975947669474,23.29716812293844,12.848292548578728,0.293586584975298,1,0.07806846951218799,3,0.17898851763208623,0.17898851763208623
56,2,1,LHB,25.9870248378246,29.19173077598889,13.297807555236483,29.502102803099305,33.14642125503986,15.109969298841026,0.38767760732795037,1,0.07806846951218799,4,0.06536005514834138,0.07806846951218799
57,2,1,LHB,12.972500824341552,14.48748395719744,6.449915795769041,14.00593702811062,15.223394247066791,5.965355007560409,0.3377238650026354,1,0.07806846951218799,5,0.12923694295775529,0.12923694295775529
58,2,1,LHB,17.853200033146347,19.75831705728441,8.464888747800474,19.515474386285362,21.127727113123704,8.094881867258001,0.3616522924044071,1,0.07806846951218799,6,0.07027940932299263,0.07806846951218799
59,2,1,LHB,14.558721443653567,16.104626287695368,6.88495590344851,16.336156979598872,18.002748711868097,7.564980920040143,0.32914419354270036,1,0.07806846951218799,7,0.10659593578976845,0.10659593578976845
60,2,1,LHB,7.594770226062545,9.076842354259034,4.970767781478486,8.479418063454952,10.289127714645147,5.828002954137272,0.26486365176723337,1,0.07806846951218799,8,0.12804699152131954,0.12804699152131954
61,2,1,LHB,11.875698755817846,13.146483666484016,5.638954854775613,13.270367198509131,14.623813726588182,6.1443699698733845,0.31344722946302556,1,0.07806846951218799,9,0.1367361790349284,0.1367361790349284
62,2,1,LHB,71.79515146845647,86.85938574941609,48.88771950487423,84.19946110827593,104.38153732431722,61.69243132884097,0.5360283428842039,2,0.069871447333609,3,0.17898851763208623,0.17898851763208623
63,2,1,LHB,46.07878184501736,52.80208368574255,25.783830305745084,52.99478545924299,61.02273595366173,30.25437187249351,0.5001878878260859,2,0.069871447333609,4,0.06536005514834138,0.069871447333609
64,2,1,LHB,25.485622761200343,28.64636700108819,13.080419520597234,28.988757799893396,32.61807916555202,14.952959896600355,0.4386994448566123,2,0.069871447333609,5,0.12923694295775529,0.12923694295775529
65,2,1,LHB,26.481293701976437,29.80310868077304,13.673564674496268,30.144640523821014,33.973967664074074,15.669432871969518,0.44199476931748427,2,0.069871447333609,6,0.07027940932299263,0.07027940932299263
66,2,1,LHB,26.813196090678808,31.30641062573842,16.15994621495239,31.648738951340537,37.33916769557467,19.813398673325775,0.44343190116644166,2,0.069871447333609,7,0.10659593578976845,0.10659593578976845
67,2,1,LHB,25.37237478727731,30.290056111770053,16.544790627509098,28.94937731077276,35.523226120842494,20.587208342828365,0.4208626746806209,2,0.069871447333609,8,0.12804699152131954,0.12804699152131954
68,2,1,LHB,19.092526243829052,22.332682646686646,11.58551491416406,22.432718260733495,26.63336129063475,14.356499750009936,0.41691335793166784,2,0.069871447333609,9,0.1367361790349284,0.1367361790349284
69,2,1,LHB,7.753251747273845,8.870205353414057,4.30901733056743,8.486218125440569,9.61786632116803,4.526306938255759,0.21471962955610702,3,0.17898851763208623,4,0.06536005514834138,0.17898851763208623
70,2,1,LHB,5.873600122218406,7.279340987724656,4.299956606739666,6.383179745833528,8.002220933272365,4.826029029883996,0.1805182954116683,3,0.17898851763208623,5,0.12923694295775529,0.17898851763208623
71,2,1,LHB,9.275644873969233,10.436315086534664,4.783208625748973,10.050030399744042,11.144046885535088,4.815253882322809,0.23114635210606388,3,0.17898851763208623,6,0.07027940932299263,0.17898851763208623
72,2,1,LHB,7.1361587789096,8.29563604847193,4.229989991820127,7.829294262372038,9.032926586419524,4.505098674705466,0.206588682256508,3,0.17898851763208623,7,0.10659593578976845,0.17898851763208623
73,2,1,LHB,8.50149694647622,10.290820773297261,5.798753474427236,9.258262358771379,10.757345085233784,5.477686681342818,0.13730438235454034,3,0.17898851763208623,8,0.12804699152131954,0.17898851763208623
74,2,1,LHB,7.2705202541256915,8.420090851801785,4.2470537066234755,7.961924694221247,9.143448999924445,4.49559949036491,0.20803972531485487,3,0.17898851763208623,9,0.1367361790349284,0.17898851763208623
75,2,1,LHB,7.2086025129242355,8.76639985100163,4.988568548020948,7.833428337551918,9.2734039846997,4.963206820583128,0.1165204616100448,4,0.06536005514834138,5,0.12923694295775529,0.12923694295775529
76,2,1,LHB,10.79145656587905,12.02874369987936,5.313674828603395,11.699604850918504,12.785202980770752,5.15564366416779,0.2615906453777985,4,0.06536005514834138,6,0.07027940932299263,0.07027940932299263
77,2,1,LHB,6.92668752912714,8.10744002200672,4.213262819273308,7.555905874412871,8.792080199449124,4.495437759613454,0.20035562949626196,4,0.06536005514834138,7,0.10659593578976845,0.10659593578976845
78,2,1,LHB,8.426934189675507,10.419435797855684,6.127921548821796,10.063238588427932,12.196739829272817,6.891421593208827,0.20221140486222927,4,0.06536005514834138,8,0.12804699152131954,0.12804699152131954
79,2,1,LHB,7.279893059699432,8.43333574131794,4.257265409289239,7.956028725388268,9.138082277874853,4.4951256531944885,0.20705966906057566,4,0.06536005514834138,9,0.1367361790349284,0.1367361790349284
80,2,1,LHB,27.974456666475636,31.786717274558917,15.093878537613142,32.234895073766836,36.842124539670536,17.839665921194722,0.45337336910206694,5,0.12923694295775529,6,0.07027940932299263,0.12923694295775529
81,2,1,LHB,8.98776047640447,10.631000557550417,5.677881160557951,10.178968397733499,12.248718288528995,6.813200574596891,0.24602097397093142,5,0.12923694295775529,7,0.10659593578976845,0.12923694295775529
82,2,1,LHB,6.06767663563118,7.467555459656282,4.352893840706183,6.944019475596403,8.388237446362274,4.705647774652512,0.19567013859366084,5,0.12923694295775529,8,0.12804699152131954,0.12923694295775529
83,2,1,LHB,8.588996407487256,9.85534498212965,4.832904450634117,9.646459380988075,11.110320811158806,5.5122635947327145,0.2554144531809867,5,0.12923694295775529,9,0.1367361790349284,0.1367361790349284
84,2,1,LHB,10.798076878021762,12.483994695799131,6.26511446831362,11.650420876964038,13.460413712389183,6.741693459233764,0.27763353360968757,6,0.07027940932299263,7,0.10659593578976845,0.10659593578976845
85,2,1,LHB,12.611001107866148,14.892193565130734,7.920863604350224,13.865411112950486,16.830701803541988,9.540592113103918,0.3152970179981936,6,0.07027940932299263,8,0.12804699152131954,0.12804699152131954
86,2,1,LHB,7.598983115353174,8.948630905681629,4.725828043708084,8.18035083199077,9.75805337146597,5.319912204719761,0.20712507600584174,6,0.07027940932299263,9,0.1367361790349284,0.1367361790349284
87,2,1,LHB,16.5144858198879,19.56753655624524,10.495725081418401,18.538223041926166,22.73276678157448,13.157240287889167,0.3435189009781562,7,0.10659593578976845,8,0.12804699152131954,0.12804699152131954
88,2,1,LHB,7.652959353333906,8.776181892327642,4.295763231771351,8.374681842410686,9.51500773477424,4.516644355183434,0.2196269761255194,7,0.10659593578976845,9,0.1367361790349284,0.1367361790349284
89,2,1,LHB,17.281934891459375,19.6592002558498,9.371172877872008,18.600692309734168,20.45854590225331,8.51858826527035,0.38568089026927815,8,0.12804699152131954,9,0.1367361790349284,0.1367361790349284
90,2,2,LHA,11.315320460691675,12.510276934710676,5.335780341712567,12.1796042150776,13.104573842895299,4.836020757602229,0.3036582441630486,0,0.1353111220017544,1,0.13035752865923714,0.1353111220017544
91,2,2,LHA,10.242875385769025,11.440602016454205,5.096163098891468,10.888883549873768,11.825259612588809,4.611830432963953,0.2852563121389047,0,0.1353111220017544,2,0.16471890807876066,0.16471890807876066
92,2,2,LHA,9.66097441180435,10.896698268080934,5.040199059566958,10.139240384935658,11.115505669287536,4.555246502710161,0.27256961196101404,0,0.1353111220017544,3,0.1874394717946061,0.1874394717946061
93,2,2,LHA,15.190772175056065,16.89592189673973,7.396797784600543,16.32176357959116,18.292259481311355,8.258740254031292,0.3725148567651977,0,0.1353111220017544,4,0.11618769413171921,0.1353111220017544
94,2,2,LHA,20.91854747155591,24.06726871315092,11.901587918898668,23.082397954325323,25.600484303634207,11.071933040746755,0.4016289912812503,0,0.1353111220017544,5,0.18388013681205576,0.18388013681205576
95,2,2,LHA,20.463284303822057,22.644600645274956,9.69700643935729,22.165158773591553,24.018634551220792,9.252056109134578,0.41120445375105696,0,0.1353111220017544,6,0.14551552021343625,0.14551552021343625
96,2,2,LHA,11.90013423882367,13.53412973203312,6.446663687635604,12.628947238257213,13.806399627487076,5.579100494451663,0.29379311667989927,0,0.1353111220017544,7,0.06661814563387489,0.1353111220017544
97,2,2,LHA,15.383203806501767,17.364475020461065,8.054938446930919,16.859413245511575,18.274266290647777,7.050460515354621,0.3447558660446403,0,0.1353111220017544,8,0.05333882018846302,0.1353111220017544
98,2,2,LHA,20.91831552058442,23.218902832324773,10.076781456309167,22.951076433730066,24.797093659498096,9.388500651914606,0.40900445999468465,0,0.1353111220017544,9,0.07908351415804565,0.1353111220017544
99,2,2,LHA,9.658309917319967,10.930768813766171,5.118472076802013,10.097275783662447,11.086547265167816,4.5778326762196055,0.27480527268460586,1,0.13035752865923714,2,0.16471890807876066,0.16471890807876066
100,2,2,LHA,9.256650311578452,10.595688327805744,5.155873946204794,9.511641853981244,10.57089908818421,4.612220373547435,0.2642455387877838,1,0.13035752865923714,3,0.1874394717946061,0.1874394717946061
101,2,2,LHA,13.625607425486255,15.476509442567158,7.33928925798706,14.675902284983373,17.06746558206254,8.712994520628902,0.3602581296606359,1,0.13035752865923714,4,0.11618769413171921,0.13035752865923714
102,2,2,LHA,24.91932684844161,28.21387205331347,13.230635875167899,27.965402318883914,30.527792437048298,12.242646128287197,0.4093635318197698,1,0.13035752865923714,5,0.18388013681205576,0.18388013681205576
103,2,2,LHA,17.151767879373594,18.942701267037066,8.040073998682841,18.531636194017736,20.23720432219193,8.131598781956448,0.37632815119512386,1,0.13035752865923714,6,0.14551552021343625,0.14551552021343625
104,2,2,LHA,12.412415922262154,13.944683028549932,6.355007139217189,13.37654765596654,14.451452939902243,5.469228911086574,0.2973700590580436,1,0.13035752865923714,7,0.06661814563387489,0.13035752865923714
105,2,2,LHA,16.068078896872773,17.966431059109965,8.038002585569565,17.689587782602317,19.051857459025722,7.074726618085036,0.3367927309734119,1,0.13035752865923714,8,0.05333882018846302,0.13035752865923714
106,2,2,LHA,32.26847477754116,36.096729615892954,16.17774472830108,34.703240589449784,37.984407578502356,15.44345530250767,0.471536772372286,1,0.13035752865923714,9,0.07908351415804565,0.13035752865923714
107,2,2,LHA,8.814458081714474,10.290465931348528,5.3102747395914545,8.762183178594789,9.953492825401385,4.721881549770956,0.254351198425244,2,0.16471890807876066,3,0.1874394717946061,0.1874394717946061
108,2,2,LHA,14.830253182929365,17.7502579936566,9.75373002351324,16.73661842396785,19.893277435019904,10.753050303852016,0.34210402442152393,2,0.16471890807876066,4,0.11618769413171921,0.16471890807876066
109,2,2,LHA,29.651973528583618,33.234193167691906,15.009065972525933,32.56298730611911,35.651415875420454,14.5146585086838,0.4068541916118331,2,0.16471890807876066,5,0.18388013681205576,0.18388013681205576
110,2,2,LHA,13.878158662663497,15.410352062207561,6.69892997538584,14.92528475757465,16.70798198393559,7.509496446555266,0.33425495960604923,2,0.16471890807876066,6,0.14551552021343625,0.16471890807876066
111,2,2,LHA,12.498433481614416,13.94300163208692,6.1803280671852905,13.522699122316768,14.538132175731405,5.3379673665478755,0.2939574899170135,2,0.16471890807876066,7,0.06661814563387489,0.16471890807876066
112,2,2,LHA,16.656533685683975,18.487670676799294,8.022085304424252,18.317771247649944,19.67109824294054,7.170171727524211,0.32650263927278966,2,0.16471890807876066,8,0.05333882018846302,0.16471890807876066
113,2,2,LHA,32.81334242258753,38.32750383615371,19.806112929305296,36.48660856962768,42.26771541995881,21.337459124961345,0.4363516460065484,2,0.16471890807876066,9,0.07908351415804565,0.16471890807876066
114,2,2,LHA,18.613261081874366,21.717946163789353,11.189982013892322,20.431826092425737,23.22500673159874,11.042708916370007,0.299678258649665,3,0.1874394717946061,4,0.11618769413171921,0.1874394717946061
115,2,2,LHA,28.483092639728717,31.782788391081098,14.101740019900777,30.86247619035142,33.70290580767322,13.542282794303372,0.37654293127084826,3,0.1874394717946061,5,0.18388013681205576,0.1874394717946061
116,2,2,LHA,11.56099000520476,13.00274043175079,5.951030905233344,12.441366414833055,14.188770280660234,6.82155435433972,0.30403377343094135,3,0.1874394717946061,6,0.14551552021343625,0.1874394717946061
117,2,2,LHA,12.088557503677377,13.464280539514183,5.929049496084993,13.04941825929182,14.02500854542311,5.13941123021428,0.2834602933335441,3,0.1874394717946061,7,0.06661814563387489,0.1874394717946061
118,2,2,LHA,16.31984316799606,18.04008613979318,7.688135463372781,17.897093270573922,19.18617571197528,6.913999632279982,0.31070542530302303,3,0.1874394717946061,8,0.05333882018846302,0.1874394717946061
119,2,2,LHA,16.073003547978242,18.7141872765351,9.585372312430383,16.60058106114486,18.75245256725557,8.722109017865382,0.25200389186111655,3,0.1874394717946061,9,0.07908351415804565,0.1874394717946061
120,2,2,LHA,77.98602883042226,88.35014344570352,41.52020175934768,82.12223160442872,90.58447499132495,38.22938903203323,0.5597796407860852,4,0.11618769413171921,5,0.18388013681205576,0.18388013681205576
121,2,2,LHA,22.93439687829474,25.909876995398132,12.055503545913206,24.435491913697028,27.667805475126972,12.977449469950296,0.40256864181985613,4,0.11618769413171921,6,0.14551552021343625,0.14551552021343625
122,2,2,LHA,21.43024979101518,23.727216676499285,10.184557187636567,23.32115425663151,25.209798131772295,9.573802065172849,0.40153449626425153,4,0.11618769413171921,7,0.06661814563387489,0.11618769413171921
123,2,2,LHA,30.68179001926141,34.31074707003491,15.357575515616373,33.286539663388304,36.47036116712446,14.902802451155848,0.4351335787949856,4,0.11618769413171921,8,0.05333882018846302,0.11618769413171921
124,2,2,LHA,14.436930870686014,16.99674961276361,8.970202028606332,15.98958496876675,18.25459812998797,8.807015692841055,0.30584279574094164,4,0.11618769413171921,9,0.07908351415804565,0.11618769413171921
125,2,2,LHA,40.03023761262506,46.002806462644386,22.668001215729067,40.15530354164043,44.43125996215913,19.018108720471787,0.4564993937166635,5,0.18388013681205576,6,0.14551552021343625,0.18388013681205576
126,2,2,LHA,15.741456600922625,18.4361192447824,9.596720111012175,15.183116423529814,17.348487803960317,8.393033108102166,0.3640054508870165,5,0.18388013681205576,7,0.06661814563387489,0.18388013681205576
127,2,2,LHA,9.8049263139682,11.59907430507766,6.196930265249627,9.116265765024128,10.522918305574798,5.255997352287218,0.3073812929217039,5,0.18388013681205576,8,0.05333882018846302,0.18388013681205576
128,2,2,LHA,33.85575272034138,38.70846526938318,18.765214926830478,38.47779813229722,42.362195228441195,17.720458105329865,0.4683769128785838,5,0.18388013681205576,9,0.07908351415804565,0.18388013681205576
129,2,2,LHA,28.197860735297567,32.47275840779139,16.10467908912035,31.78323963754792,35.240253051530985,15.221731612341006,0.510944489003188,6,0.14551552021343625,7,0.06661814563387489,0.14551552021343625
130,2,2,LHA,26.14310116857991,30.45246350099776,15.617003379938055,28.305097088702663,32.17462413069014,15.29797100109372,0.49293535306351044,6,0.14551552021343625,8,0.05333882018846302,0.14551552021343625
131,2,2,LHA,14.055285390362947,15.409312132153197,6.316316409235173,15.284228743114923,16.37890729169772,5.887355586183687,0.3679871736930279,6,0.14551552021343625,9,0.07908351415804565,0.14551552021343625
132,2,2,LHA,19.128599977797336,22.11744091196646,11.103056128100029,20.639732136007492,23.127243765815106,10.434120066267841,0.4201723692548236,7,0.06661814563387489,8,0.05333882018846302,0.06661814563387489
133,2,2,LHA,16.00734470638516,18.10519038397606,8.459481916227615,17.582440691836016,19.094488207562705,7.446963087515614,0.36554731010177366,7,0.06661814563387489,9,0.07908351415804565,0.07908351415804565
134,2,2,LHA,18.739671518964926,21.18591381635297,9.882694753721294,20.80817353525133,22.613069717165455,8.852730435309292,0.38467544445315105,8,0.05333882018846302,9,0.07908351415804565,0.07908351415804565
135,2,2,LHB,26.59216078232357,31.486023631870566,16.859023372478134,28.584560820588298,33.252111626696966,16.988990856681387,0.30294452102516833,0,0.1353111220017544,1,0.13035752865923714,0.1353111220017544
136,2,2,LHB,8.630726379771337,10.453008441809592,5.897113500863092,9.472809118879908,10.9660479112586,5.524499451469316,0.2957378483215082,0,0.1353111220017544,2,0.16471890807876066,0.16471890807876066
137,2,2,LHB,8.354274348452378,9.892051575922578,5.297054322121209,9.040749221360327,10.420818965186111,5.182501463738833,0.31442786932641065,0,0.1353111220017544,3,0.1874394717946061,0.1874394717946061
138,2,2,LHB,15.721343805018815,17.709878517311857,8.153474477935184,16.55452515306683,18.499299343645358,8.256619959903396,0.35446084561073476,0,0.1353111220017544,4,0.11618769413171921,0.1353111220017544
139,2,2,LHB,25.799411323662035,28.970461104481107,13.178694622714037,26.601157160343107,29.62859543851304,13.047302609727515,0.40003836977102114,0,0.1353111220017544,5,0.18388013681205576,0.18388013681205576
140,2,2,LHB,26.916986738510285,30.114572071915468,13.504194755462192,28.75128172538959,31.2790429383692,12.318373524439949,0.4214730777659095,0,0.1353111220017544,6,0.14551552021343625,0.14551552021343625
141,2,2,LHB,18.5872003034095,20.6376425385396,8.9681812219353,20.146881730719397,21.790174385884455,8.301497232166014,0.384348074941803,0,0.1353111220017544,7,0.06661814563387489,0.1353111220017544
142,2,2,LHB,21.723895390400923,24.200438765778905,10.664595891224952,23.267070539418224,25.290701128884997,9.912769144105068,0.3980260092148927,0,0.1353111220017544,8,0.05333882018846302,0.1353111220017544
143,2,2,LHB,29.89702692487974,34.460588532485474,17.137676127710126,31.79793196812513,35.74698158073658,16.332122173312516,0.3762374667989654,0,0.1353111220017544,9,0.07908351415804565,0.1353111220017544
144,2,2,LHB,15.008416485330734,17.59700035136919,9.187048272918782,16.013118526701827,17.936551783071103,8.08083689456666,0.28566851007140814,1,0.13035752865923714,2,0.16471890807876066,0.16471890807876066
145,2,2,LHB,12.767412101487388,14.743166112075821,7.372525702841209,13.851422792865192,15.413346487977794,6.760868033895652,0.2938875436317107,1,0.13035752865923714,3,0.1874394717946061,0.1874394717946061
146,2,2,LHB,10.411463779460986,11.70861516244321,5.356593226218229,11.373404198029299,12.481494344940229,5.1413401006959685,0.2971881697360748,1,0.13035752865923714,4,0.11618769413171921,0.13035752865923714
147,2,2,LHB,15.460946230119855,17.16728694970591,7.4615603517552165,16.708553101830475,18.15723347392106,7.106995192751338,0.3335675764974678,1,0.13035752865923714,5,0.18388013681205576,0.18388013681205576
148,2,2,LHB,13.59962267283395,15.104593885478966,6.572596108220047,14.963148033122199,16.228269638875254,6.281794043974358,0.31796251674175224,1,0.13035752865923714,6,0.14551552021343625,0.14551552021343625
149,2,2,LHB,9.51503161929793,10.809762555706351,5.129828437142097,10.34800796798689,11.482131120711566,4.975747799848064,0.28970918499801135,1,0.13035752865923714,7,0.06661814563387489,0.13035752865923714
150,2,2,LHB,13.959236793101887,15.46148476074448,6.648098913286737,15.301835413684827,16.53235440226042,6.258799809423559,0.3242843149990462,1,0.13035752865923714,8,0.05333882018846302,0.13035752865923714
151,2,2,LHB,25.454020639375585,28.51539192921124,12.853809169532878,26.375471769510444,29.215556579275813,12.565159576090693,0.38246206624908813,1,0.13035752865923714,9,0.07908351415804565,0.13035752865923714
152,2,2,LHB,13.866692770371625,15.360460786312547,6.607464504631771,15.263732817781586,16.500769490213788,6.268481015090305,0.3524741250983395,2,0.16471890807876066,3,0.1874394717946061,0.1874394717946061
153,2,2,LHB,18.082022721844446,20.03816870591924,8.635314665580069,19.809674558675383,21.32881218564148,7.905379379241569,0.3924085204187766,2,0.16471890807876066,4,0.11618769413171921,0.16471890807876066
154,2,2,LHB,23.117111982063626,25.710092778303665,11.25202223059094,25.58994669106115,27.510946544148418,10.099841984092633,0.42304624636133903,2,0.16471890807876066,5,0.18388013681205576,0.18388013681205576
155,2,2,LHB,17.30523138467988,19.30325508854863,8.552463021625352,19.09235389662862,20.82057872683706,8.30533089083812,0.36151348994615085,2,0.16471890807876066,6,0.14551552021343625,0.16471890807876066
156,2,2,LHB,11.887472887309043,13.24858562288985,5.8491887779876,13.040195224238902,14.183542037419317,5.579083548485171,0.3370822593541602,2,0.16471890807876066,7,0.06661814563387489,0.16471890807876066
157,2,2,LHB,16.991004752894625,18.78566832657266,8.012932794121484,18.770814592849597,20.208177595254444,7.485115980544874,0.3772386353791628,2,0.16471890807876066,8,0.05333882018846302,0.16471890807876066
158,2,2,LHB,66.77200982768602,77.6846065216661,39.70386371623661,77.08264201592284,85.76434312435569,37.60038366024079,0.582998576623098,2,0.16471890807876066,9,0.07908351415804565,0.16471890807876066
159,2,2,LHB,19.98045361570298,22.152822939510347,9.567080928895589,22.04730085457312,23.694775190363135,8.680950198554749,0.4108822712139114,3,0.1874394717946061,4,0.11618769413171921,0.1874394717946061
160,2,2,LHB,22.868898003111557,25.399953348830184,11.053105185694653,25.418606037625327,27.39916762326557,10.227846965603346,0.42431869524076055,3,0.1874394717946061,5,0.18388013681205576,0.1874394717946061
161,2,2,LHB,16.005768945908283,17.885753795414367,7.98220203204463,17.62060806333125,19.239324728040494,7.724363240387908,0.34883839408103484,3,0.1874394717946061,6,0.14551552021343625,0.1874394717946061
162,2,2,LHB,12.105107991947545,13.473174689829685,5.915470964002351,13.282466353801073,14.429170772291851,5.637114220601158,0.3383336417451795,3,0.1874394717946061,7,0.06661814563387489,0.1874394717946061
163,2,2,LHB,16.903285690086477,18.690597511619494,7.976049662625884,18.680344389734305,20.125534047825465,7.488781889673658,0.3783624356466733,3,0.1874394717946061,8,0.05333882018846302,0.1874394717946061
164,2,2,LHB,32.91216723323173,38.343172017428955,19.672012819483786,36.93927178069058,40.924480931863826,17.615429028404673,0.4246618359176555,3,0.1874394717946061,9,0.07908351415804565,0.1874394717946061
165,2,2,LHB,21.893312146519907,24.425777108317135,10.830580344572178,24.28471333494222,26.490432303579897,10.582802174765852,0.4194358601814939,4,0.11618769413171921,5,0.18388013681205576,0.18388013681205576
166,2,2,LHB,10.250624300472786,11.816260789847412,5.8778159637949035,11.091586657106976,12.375236627240051,5.488459438500958,0.2834928836492683,4,0.11618769413171921,6,0.14551552021343625,0.14551552021343625
167,2,2,LHB,10.475007944865801,11.787920157272167,5.406410101834838,11.396680035490125,12.545916517206612,5.245541480665125,0.29854554490019014,4,0.11618769413171921,7,0.06661814563387489,0.11618769413171921
168,2,2,LHB,14.982091500169991,16.577790249448956,7.096482497354515,16.520286511925544,17.836213237668773,6.723885500473785,0.3559072785780659,4,0.11618769413171921,8,0.05333882018846302,0.11618769413171921
169,2,2,LHB,8.896431960131345,10.744578619146846,6.024903989424324,8.98889898370144,10.448375148087582,5.326184215363322,0.23166756390829374,4,0.11618769413171921,9,0.07908351415804565,0.11618769413171921
170,2,2,LHB,7.367107270355007,8.977132175604192,5.129778997710375,7.768715101536706,8.865037857613387,4.270358519852176,0.15439183058427292,5,0.18388013681205576,6,0.14551552021343625,0.18388013681205576
171,2,2,LHB,9.779712418348126,11.437764022743918,5.931245303844937,10.58140105519021,12.082796361562472,5.833345491586015,0.20230055619550602,5,0.18388013681205576,7,0.06661814563387489,0.18388013681205576
172,2,2,LHB,10.997507431960212,12.331708045975045,5.579054903399457,12.041227349914879,13.167353417603225,5.328042786214199,0.29946560331568745,5,0.18388013681205576,8,0.05333882018846302,0.18388013681205576
173,2,2,LHB,10.166808410295983,11.50803489514288,5.391741267546236,11.0017747597403,12.215421457921382,5.308245805403836,0.26088799361431403,5,0.18388013681205576,9,0.07908351415804565,0.18388013681205576
174,2,2,LHB,15.831204117022924,17.9538748172662,8.46844715158699,16.714734408959032,18.76869168042121,8.537062787204583,0.28047009505019804,6,0.14551552021343625,7,0.06661814563387489,0.14551552021343625
175,2,2,LHB,15.73981603619803,17.530626818232317,7.718877365703476,16.80134672078123,18.417676470159684,7.544902579064064,0.3113790971707021,6,0.14551552021343625,8,0.05333882018846302,0.14551552021343625
176,2,2,LHB,7.2436625859998225,8.744406574495684,4.89836694014135,7.703421515262875,8.976315011045411,4.60776823806322,0.2270637461122631,6,0.14551552021343625,9,0.07908351415804565,0.14551552021343625
177,2,2,LHB,22.833698942532298,25.564621156422124,11.496610260123857,23.735791492894936,26.30579729454111,11.340510284255423,0.38283687426007285,7,0.06661814563387489,8,0.05333882018846302,0.06661814563387489
178,2,2,LHB,8.347284091933103,9.798253456185416,5.131142083416711,9.001946849133615,10.3294895608501,5.065896516223419,0.22424452594990918,7,0.06661814563387489,9,0.07908351415804565,0.07908351415804565
179,2,2,LHB,10.779314198616555,12.086114937628066,5.466311342492283,11.769752389425419,12.889669738331067,5.255141734992722,0.2743439950236126,8,0.05333882018846302,9,0.07908351415804565,0.07908351415804565
